Anzsic,Anzsic_descriptor,Gas,Period,Data_value,Variable,Units,Magnitude
AAZ,"Agriculture, forestry, fishing",Carbon dioxide equivalents,2010.03,9791,Seasonally adjusted,Kilotonnes,Carbon dioxide equivalents
AAZ,"Agriculture, forestry, fishing",Carbon dioxide equivalents,2010.06,9903,Seasonally adjusted,Kilotonnes,Carbon dioxide equivalents
AAZ,"Agriculture, forestry, fishing",Carbon dioxide equivalents,2010.09,9893,Seasonally adjusted,Kilotonnes,Carbon dioxide equivalents
AAZ,"Agriculture, forestry, fishing",Carbon dioxide equivalents,2010.12,9827,Seasonally adjusted,Kilotonnes,Carbon dioxide equivalents
AAZ,"Agriculture, forestry, fishing",Carbon dioxide equivalents,2011.03,9955,Seasonally adjusted,Kilotonnes,Carbon dioxide equivalents
AAZ,"Agriculture, forestry, fishing",Carbon dioxide equivalents,2011.06,10030,Seasonally adjusted,Kilotonnes,Carbon dioxide equivalents
AAZ,"Agriculture, forestry, fishing",Carbon dioxide equivalents,2011.09,10057,Seasonally adjusted,Kilotonnes,Carbon dioxide equivalents
AAZ,"Agriculture, forestry, fishing",Carbon dioxide equivalents,2011.12,10049,Seasonally adjusted,Kilotonnes,Carbon dioxide equivalents
AAZ,"Agriculture, forestry, fishing",Carbon dioxide equivalents,2014.12,10387,Seasonally adjusted,Kilotonnes,Carbon dioxide equivalents
AAZ,"Agriculture, forestry, fishing",Carbon dioxide equivalents,2015.03,10239,Seasonally adjusted,Kilotonnes,Carbon dioxide equivalents
AAZ,"Agriculture, forestry, fishing",Carbon dioxide equivalents,2015.06,10252,Seasonally adjusted,Kilotonnes,Carbon dioxide equivalents
AAZ,"Agriculture, forestry, fishing",Carbon dioxide equivalents,2015.09,10243,Seasonally adjusted,Kilotonnes,Carbon dioxide equivalents
AAZ,"Agriculture, forestry, fishing",Carbon dioxide equivalents,2015.12,10238,Seasonally adjusted,Kilotonnes,Carbon dioxide equivalents
AAZ,"Agriculture, forestry, fishing",Carbon dioxide equivalents,2016.03,10124,Seasonally adjusted,Kilotonnes,Carbon dioxide equivalents
AAZ,"Agriculture, forestry, fishing",Carbon dioxide equivalents,2016.06,10118,Seasonally adjusted,Kilotonnes,Carbon dioxide equivalents
AAZ,"Agriculture, forestry, fishing",Carbon dioxide equivalents,2016.09,10116,Seasonally adjusted,Kilotonnes,Carbon dioxide equivalents
AAZ,"Agriculture, forestry, fishing",Carbon dioxide equivalents,2016.12,10135,Seasonally adjusted,Kilotonnes,Carbon dioxide equivalents
AAZ,"Agriculture, forestry, fishing",Carbon dioxide equivalents,2018.03,10154,Seasonally adjusted,Kilotonnes,Carbon dioxide equivalents
AAZ,"Agriculture, forestry, fishing",Carbon dioxide equivalents,2018.06,10194,Seasonally adjusted,Kilotonnes,Carbon dioxide equivalents
AAZ,"Agriculture, forestry, fishing",Carbon dioxide equivalents,2018.09,10360,Seasonally adjusted,Kilotonnes,Carbon dioxide equivalents
AAZ,"Agriculture, forestry, fishing",Carbon dioxide equivalents,2018.12,10319,Seasonally adjusted,Kilotonnes,Carbon dioxide equivalents
AAZ,"Agriculture, forestry, fishing",Carbon dioxide equivalents,2021.03,10109,Seasonally adjusted,Kilotonnes,Carbon dioxide equivalents
AAZ,"Agriculture, forestry, fishing",Carbon dioxide equivalents,2021.06,10147,Seasonally adjusted,Kilotonnes,Carbon dioxide equivalents
AAZ,"Agriculture, forestry, fishing",Carbon dioxide equivalents,2021.09,10168,Seasonally adjusted,Kilotonnes,Carbon dioxide equivalents
AAZ,"Agriculture, forestry, fishing",Carbon dioxide equivalents,2021.12,10060,Seasonally adjusted,Kilotonnes,Carbon dioxide equivalents
AAZ,"Agriculture, forestry, fishing",Carbon dioxide equivalents,2022.03,9973,Seasonally adjusted,Kilotonnes,Carbon dioxide equivalents
AAZ,"Agriculture, forestry, fishing",Carbon dioxide equivalents,2022.06,9942,Seasonally adjusted,Kilotonnes,Carbon dioxide equivalents
AAZ,"Agriculture, forestry, fishing",Carbon dioxide equivalents,2022.09,9966,Seasonally adjusted,Kilotonnes,Carbon dioxide equivalents
AAZ,"Agriculture, forestry, fishing",Carbon dioxide equivalents,2022.12,9881,Seasonally adjusted,Kilotonnes,Carbon dioxide equivalents
AAZ,"Agriculture, forestry, fishing",Carbon dioxide equivalents,2023.03,9837,Seasonally adjusted,Kilotonnes,Carbon dioxide equivalents
AAZ,"Agriculture, forestry, fishing",Carbon dioxide equivalents,2023.06,9819,Seasonally adjusted,Kilotonnes,Carbon dioxide equivalents
AAZ,"Agriculture, forestry, fishing",Carbon dioxide equivalents,2023.09,9782,Seasonally adjusted,Kilotonnes,Carbon dioxide equivalents
BB1,Mining,Carbon dioxide equivalents,2010.03,547,Seasonally adjusted,Kilotonnes,Carbon dioxide equivalents
BB1,Mining,Carbon dioxide equivalents,2010.06,566,Seasonally adjusted,Kilotonnes,Carbon dioxide equivalents
BB1,Mining,Carbon dioxide equivalents,2010.09,591,Seasonally adjusted,Kilotonnes,Carbon dioxide equivalents
BB1,Mining,Carbon dioxide equivalents,2010.12,590,Seasonally adjusted,Kilotonnes,Carbon dioxide equivalents
BB1,Mining,Carbon dioxide equivalents,2011.03,550,Seasonally adjusted,Kilotonnes,Carbon dioxide equivalents
BB1,Mining,Carbon dioxide equivalents,2011.06,553,Seasonally adjusted,Kilotonnes,Carbon dioxide equivalents
BB1,Mining,Carbon dioxide equivalents,2011.09,567,Seasonally adjusted,Kilotonnes,Carbon dioxide equivalents
BB1,Mining,Carbon dioxide equivalents,2011.12,521,Seasonally adjusted,Kilotonnes,Carbon dioxide equivalents
BB1,Mining,Carbon dioxide equivalents,2015.03,340,Seasonally adjusted,Kilotonnes,Carbon dioxide equivalents
BB1,Mining,Carbon dioxide equivalents,2015.06,410,Seasonally adjusted,Kilotonnes,Carbon dioxide equivalents
BB1,Mining,Carbon dioxide equivalents,2015.09,437,Seasonally adjusted,Kilotonnes,Carbon dioxide equivalents
BB1,Mining,Carbon dioxide equivalents,2015.12,403,Seasonally adjusted,Kilotonnes,Carbon dioxide equivalents
BB1,Mining,Carbon dioxide equivalents,2017.09,340,Seasonally adjusted,Kilotonnes,Carbon dioxide equivalents
BB1,Mining,Carbon dioxide equivalents,2017.12,356,Seasonally adjusted,Kilotonnes,Carbon dioxide equivalents
BB1,Mining,Carbon dioxide equivalents,2018.03,330,Seasonally adjusted,Kilotonnes,Carbon dioxide equivalents
BB1,Mining,Carbon dioxide equivalents,2018.06,320,Seasonally adjusted,Kilotonnes,Carbon dioxide equivalents
BB1,Mining,Carbon dioxide equivalents,2020.12,265,Seasonally adjusted,Kilotonnes,Carbon dioxide equivalents
BB1,Mining,Carbon dioxide equivalents,2021.03,269,Seasonally adjusted,Kilotonnes,Carbon dioxide equivalents
BB1,Mining,Carbon dioxide equivalents,2021.06,268,Seasonally adjusted,Kilotonnes,Carbon dioxide equivalents
BB1,Mining,Carbon dioxide equivalents,2021.09,262,Seasonally adjusted,Kilotonnes,Carbon dioxide equivalents
BB1,Mining,Carbon dioxide equivalents,2021.12,262,Seasonally adjusted,Kilotonnes,Carbon dioxide equivalents
BB1,Mining,Carbon dioxide equivalents,2022.03,293,Seasonally adjusted,Kilotonnes,Carbon dioxide equivalents
BB1,Mining,Carbon dioxide equivalents,2022.06,324,Seasonally adjusted,Kilotonnes,Carbon dioxide equivalents
BB1,Mining,Carbon dioxide equivalents,2022.09,310,Seasonally adjusted,Kilotonnes,Carbon dioxide equivalents
BB1,Mining,Carbon dioxide equivalents,2022.12,314,Seasonally adjusted,Kilotonnes,Carbon dioxide equivalents
BB1,Mining,Carbon dioxide equivalents,2023.03,289,Seasonally adjusted,Kilotonnes,Carbon dioxide equivalents
BB1,Mining,Carbon dioxide equivalents,2023.06,304,Seasonally adjusted,Kilotonnes,Carbon dioxide equivalents
BB1,Mining,Carbon dioxide equivalents,2023.09,286,Seasonally adjusted,Kilotonnes,Carbon dioxide equivalents
CCZ,Manufacturing,Carbon dioxide equivalents,2010.03,2509,Seasonally adjusted,Kilotonnes,Carbon dioxide equivalents
CCZ,Manufacturing,Carbon dioxide equivalents,2010.06,2652,Seasonally adjusted,Kilotonnes,Carbon dioxide equivalents
CCZ,Manufacturing,Carbon dioxide equivalents,2010.09,2504,Seasonally adjusted,Kilotonnes,Carbon dioxide equivalents
CCZ,Manufacturing,Carbon dioxide equivalents,2010.12,2426,Seasonally adjusted,Kilotonnes,Carbon dioxide equivalents
CCZ,Manufacturing,Carbon dioxide equivalents,2011.03,2518,Seasonally adjusted,Kilotonnes,Carbon dioxide equivalents
CCZ,Manufacturing,Carbon dioxide equivalents,2011.06,2438,Seasonally adjusted,Kilotonnes,Carbon dioxide equivalents
CCZ,Manufacturing,Carbon dioxide equivalents,2011.09,2407,Seasonally adjusted,Kilotonnes,Carbon dioxide equivalents
CCZ,Manufacturing,Carbon dioxide equivalents,2011.12,2448,Seasonally adjusted,Kilotonnes,Carbon dioxide equivalents
CCZ,Manufacturing,Carbon dioxide equivalents,2014.03,2773,Seasonally adjusted,Kilotonnes,Carbon dioxide equivalents
CCZ,Manufacturing,Carbon dioxide equivalents,2014.06,2901,Seasonally adjusted,Kilotonnes,Carbon dioxide equivalents
CCZ,Manufacturing,Carbon dioxide equivalents,2014.09,3028,Seasonally adjusted,Kilotonnes,Carbon dioxide equivalents
CCZ,Manufacturing,Carbon dioxide equivalents,2014.12,3103,Seasonally adjusted,Kilotonnes,Carbon dioxide equivalents
CCZ,Manufacturing,Carbon dioxide equivalents,2015.03,3023,Seasonally adjusted,Kilotonnes,Carbon dioxide equivalents
CCZ,Manufacturing,Carbon dioxide equivalents,2015.06,2940,Seasonally adjusted,Kilotonnes,Carbon dioxide equivalents
CCZ,Manufacturing,Carbon dioxide equivalents,2015.09,2931,Seasonally adjusted,Kilotonnes,Carbon dioxide equivalents
CCZ,Manufacturing,Carbon dioxide equivalents,2015.12,2917,Seasonally adjusted,Kilotonnes,Carbon dioxide equivalents
CCZ,Manufacturing,Carbon dioxide equivalents,2019.06,2848,Seasonally adjusted,Kilotonnes,Carbon dioxide equivalents
CCZ,Manufacturing,Carbon dioxide equivalents,2019.09,2841,Seasonally adjusted,Kilotonnes,Carbon dioxide equivalents
CCZ,Manufacturing,Carbon dioxide equivalents,2019.12,2875,Seasonally adjusted,Kilotonnes,Carbon dioxide equivalents
CCZ,Manufacturing,Carbon dioxide equivalents,2020.03,2588,Seasonally adjusted,Kilotonnes,Carbon dioxide equivalents
CCZ,Manufacturing,Carbon dioxide equivalents,2020.06,2529,Seasonally adjusted,Kilotonnes,Carbon dioxide equivalents
CCZ,Manufacturing,Carbon dioxide equivalents,2020.09,2583,Seasonally adjusted,Kilotonnes,Carbon dioxide equivalents
CCZ,Manufacturing,Carbon dioxide equivalents,2021.12,2568,Seasonally adjusted,Kilotonnes,Carbon dioxide equivalents
CCZ,Manufacturing,Carbon dioxide equivalents,2022.03,2580,Seasonally adjusted,Kilotonnes,Carbon dioxide equivalents
CCZ,Manufacturing,Carbon dioxide equivalents,2022.06,2360,Seasonally adjusted,Kilotonnes,Carbon dioxide equivalents
CCZ,Manufacturing,Carbon dioxide equivalents,2022.09,2212,Seasonally adjusted,Kilotonnes,Carbon dioxide equivalents
CCZ,Manufacturing,Carbon dioxide equivalents,2022.12,2090,Seasonally adjusted,Kilotonnes,Carbon dioxide equivalents
CCZ,Manufacturing,Carbon dioxide equivalents,2023.03,2180,Seasonally adjusted,Kilotonnes,Carbon dioxide equivalents
CCZ,Manufacturing,Carbon dioxide equivalents,2023.06,2289,Seasonally adjusted,Kilotonnes,Carbon dioxide equivalents
CCZ,Manufacturing,Carbon dioxide equivalents,2023.09,2273,Seasonally adjusted,Kilotonnes,Carbon dioxide equivalents
DD1,"Electricity, gas, water, and waste services",Carbon dioxide equivalents,2010.03,2420,Seasonally adjusted,Kilotonnes,Carbon dioxide equivalents
DD1,"Electricity, gas, water, and waste services",Carbon dioxide equivalents,2010.06,2454,Seasonally adjusted,Kilotonnes,Carbon dioxide equivalents
DD1,"Electricity, gas, water, and waste services",Carbon dioxide equivalents,2010.09,2452,Seasonally adjusted,Kilotonnes,Carbon dioxide equivalents
DD1,"Electricity, gas, water, and waste services",Carbon dioxide equivalents,2010.12,2330,Seasonally adjusted,Kilotonnes,Carbon dioxide equivalents
DD1,"Electricity, gas, water, and waste services",Carbon dioxide equivalents,2011.03,2057,Seasonally adjusted,Kilotonnes,Carbon dioxide equivalents
DD1,"Electricity, gas, water, and waste services",Carbon dioxide equivalents,2013.06,2801,Seasonally adjusted,Kilotonnes,Carbon dioxide equivalents
DD1,"Electricity, gas, water, and waste services",Carbon dioxide equivalents,2013.09,2306,Seasonally adjusted,Kilotonnes,Carbon dioxide equivalents
DD1,"Electricity, gas, water, and waste services",Carbon dioxide equivalents,2013.12,1707,Seasonally adjusted,Kilotonnes,Carbon dioxide equivalents
DD1,"Electricity, gas, water, and waste services",Carbon dioxide equivalents,2014.03,1983,Seasonally adjusted,Kilotonnes,Carbon dioxide equivalents
DD1,"Electricity, gas, water, and waste services",Carbon dioxide equivalents,2014.06,2120,Seasonally adjusted,Kilotonnes,Carbon dioxide equivalents
DD1,"Electricity, gas, water, and waste services",Carbon dioxide equivalents,2014.09,2025,Seasonally adjusted,Kilotonnes,Carbon dioxide equivalents
DD1,"Electricity, gas, water, and waste services",Carbon dioxide equivalents,2015.12,1939,Seasonally adjusted,Kilotonnes,Carbon dioxide equivalents
DD1,"Electricity, gas, water, and waste services",Carbon dioxide equivalents,2016.03,1901,Seasonally adjusted,Kilotonnes,Carbon dioxide equivalents
DD1,"Electricity, gas, water, and waste services",Carbon dioxide equivalents,2016.06,1850,Seasonally adjusted,Kilotonnes,Carbon dioxide equivalents
DD1,"Electricity, gas, water, and waste services",Carbon dioxide equivalents,2019.06,1919,Seasonally adjusted,Kilotonnes,Carbon dioxide equivalents
DD1,"Electricity, gas, water, and waste services",Carbon dioxide equivalents,2019.09,2150,Seasonally adjusted,Kilotonnes,Carbon dioxide equivalents
DD1,"Electricity, gas, water, and waste services",Carbon dioxide equivalents,2019.12,1847,Seasonally adjusted,Kilotonnes,Carbon dioxide equivalents
DD1,"Electricity, gas, water, and waste services",Carbon dioxide equivalents,2020.03,2059,Seasonally adjusted,Kilotonnes,Carbon dioxide equivalents
DD1,"Electricity, gas, water, and waste services",Carbon dioxide equivalents,2020.06,1998,Seasonally adjusted,Kilotonnes,Carbon dioxide equivalents
DD1,"Electricity, gas, water, and waste services",Carbon dioxide equivalents,2020.09,2537,Seasonally adjusted,Kilotonnes,Carbon dioxide equivalents
DD1,"Electricity, gas, water, and waste services",Carbon dioxide equivalents,2022.09,1501,Seasonally adjusted,Kilotonnes,Carbon dioxide equivalents
DD1,"Electricity, gas, water, and waste services",Carbon dioxide equivalents,2022.12,1219,Seasonally adjusted,Kilotonnes,Carbon dioxide equivalents
DD1,"Electricity, gas, water, and waste services",Carbon dioxide equivalents,2023.03,1548,Seasonally adjusted,Kilotonnes,Carbon dioxide equivalents
DD1,"Electricity, gas, water, and waste services",Carbon dioxide equivalents,2023.06,1376,Seasonally adjusted,Kilotonnes,Carbon dioxide equivalents
DD1,"Electricity, gas, water, and waste services",Carbon dioxide equivalents,2023.09,1925,Seasonally adjusted,Kilotonnes,Carbon dioxide equivalents
EE1,Construction,Carbon dioxide equivalents,2012.12,308,Seasonally adjusted,Kilotonnes,Carbon dioxide equivalents
EE1,Construction,Carbon dioxide equivalents,2013.03,288,Seasonally adjusted,Kilotonnes,Carbon dioxide equivalents
EE1,Construction,Carbon dioxide equivalents,2013.06,312,Seasonally adjusted,Kilotonnes,Carbon dioxide equivalents
EE1,Construction,Carbon dioxide equivalents,2013.09,299,Seasonally adjusted,Kilotonnes,Carbon dioxide equivalents
EE1,Construction,Carbon dioxide equivalents,2013.12,309,Seasonally adjusted,Kilotonnes,Carbon dioxide equivalents
EE1,Construction,Carbon dioxide equivalents,2014.03,294,Seasonally adjusted,Kilotonnes,Carbon dioxide equivalents
EE1,Construction,Carbon dioxide equivalents,2017.09,426,Seasonally adjusted,Kilotonnes,Carbon dioxide equivalents
EE1,Construction,Carbon dioxide equivalents,2017.12,447,Seasonally adjusted,Kilotonnes,Carbon dioxide equivalents
EE1,Construction,Carbon dioxide equivalents,2018.03,431,Seasonally adjusted,Kilotonnes,Carbon dioxide equivalents
EE1,Construction,Carbon dioxide equivalents,2018.06,478,Seasonally adjusted,Kilotonnes,Carbon dioxide equivalents
EE1,Construction,Carbon dioxide equivalents,2018.09,468,Seasonally adjusted,Kilotonnes,Carbon dioxide equivalents
EE1,Construction,Carbon dioxide equivalents,2018.12,474,Seasonally adjusted,Kilotonnes,Carbon dioxide equivalents
EE1,Construction,Carbon dioxide equivalents,2021.09,431,Seasonally adjusted,Kilotonnes,Carbon dioxide equivalents
EE1,Construction,Carbon dioxide equivalents,2021.12,481,Seasonally adjusted,Kilotonnes,Carbon dioxide equivalents
EE1,Construction,Carbon dioxide equivalents,2022.03,461,Seasonally adjusted,Kilotonnes,Carbon dioxide equivalents
EE1,Construction,Carbon dioxide equivalents,2022.06,466,Seasonally adjusted,Kilotonnes,Carbon dioxide equivalents
EE1,Construction,Carbon dioxide equivalents,2022.09,504,Seasonally adjusted,Kilotonnes,Carbon dioxide equivalents
EE1,Construction,Carbon dioxide equivalents,2022.12,472,Seasonally adjusted,Kilotonnes,Carbon dioxide equivalents
EE1,Construction,Carbon dioxide equivalents,2023.03,450,Seasonally adjusted,Kilotonnes,Carbon dioxide equivalents
EE1,Construction,Carbon dioxide equivalents,2023.06,481,Seasonally adjusted,Kilotonnes,Carbon dioxide equivalents
EE1,Construction,Carbon dioxide equivalents,2023.09,484,Seasonally adjusted,Kilotonnes,Carbon dioxide equivalents
HH1,Transport,Methane,2010.03,8,Seasonally adjusted,Kilotonnes,Carbon dioxide equivalents
HH1,Transport,Methane,2010.06,8,Seasonally adjusted,Kilotonnes,Carbon dioxide equivalents
HH1,Transport,Methane,2010.09,8,Seasonally adjusted,Kilotonnes,Carbon dioxide equivalents
HH1,Transport,Methane,2010.12,8,Seasonally adjusted,Kilotonnes,Carbon dioxide equivalents
HH1,Transport,Methane,2011.03,8,Seasonally adjusted,Kilotonnes,Carbon dioxide equivalents
HH1,Transport,Carbon dioxide,2021.03,2002,Seasonally adjusted,Kilotonnes,Carbon dioxide equivalents
HH1,Transport,Carbon dioxide,2021.06,2084,Seasonally adjusted,Kilotonnes,Carbon dioxide equivalents
HH1,Transport,Carbon dioxide,2021.09,1697,Seasonally adjusted,Kilotonnes,Carbon dioxide equivalents
HH1,Transport,Carbon dioxide,2021.12,1821,Seasonally adjusted,Kilotonnes,Carbon dioxide equivalents
HH1,Transport,Carbon dioxide,2022.03,1821,Seasonally adjusted,Kilotonnes,Carbon dioxide equivalents
HH1,Transport,Carbon dioxide,2022.06,1858,Seasonally adjusted,Kilotonnes,Carbon dioxide equivalents
HH1,Transport,Carbon dioxide,2022.09,1923,Seasonally adjusted,Kilotonnes,Carbon dioxide equivalents
HH1,Transport,Carbon dioxide,2022.12,1893,Seasonally adjusted,Kilotonnes,Carbon dioxide equivalents
HH1,Transport,Carbon dioxide,2023.03,1899,Seasonally adjusted,Kilotonnes,Carbon dioxide equivalents
HH1,Transport,Carbon dioxide,2023.06,1942,Seasonally adjusted,Kilotonnes,Carbon dioxide equivalents
HH1,Transport,Carbon dioxide equivalents,2013.12,1760,Seasonally adjusted,Kilotonnes,Carbon dioxide equivalents
HH1,Transport,Carbon dioxide equivalents,2014.03,1740,Seasonally adjusted,Kilotonnes,Carbon dioxide equivalents
HH1,Transport,Carbon dioxide equivalents,2014.06,1777,Seasonally adjusted,Kilotonnes,Carbon dioxide equivalents
HH1,Transport,Carbon dioxide equivalents,2014.09,1791,Seasonally adjusted,Kilotonnes,Carbon dioxide equivalents
HH1,Transport,Carbon dioxide equivalents,2014.12,1812,Seasonally adjusted,Kilotonnes,Carbon dioxide equivalents
HH1,Transport,Carbon dioxide equivalents,2015.03,1849,Seasonally adjusted,Kilotonnes,Carbon dioxide equivalents
HH1,Transport,Carbon dioxide equivalents,2015.06,1849,Seasonally adjusted,Kilotonnes,Carbon dioxide equivalents
HH1,Transport,Carbon dioxide equivalents,2020.09,1974,Seasonally adjusted,Kilotonnes,Carbon dioxide equivalents
HH1,Transport,Carbon dioxide equivalents,2020.12,2055,Seasonally adjusted,Kilotonnes,Carbon dioxide equivalents
HH1,Transport,Carbon dioxide equivalents,2021.03,2029,Seasonally adjusted,Kilotonnes,Carbon dioxide equivalents
HH1,Transport,Carbon dioxide equivalents,2021.06,2111,Seasonally adjusted,Kilotonnes,Carbon dioxide equivalents
HH1,Transport,Carbon dioxide equivalents,2021.09,1721,Seasonally adjusted,Kilotonnes,Carbon dioxide equivalents
HH1,Transport,Carbon dioxide equivalents,2022.09,1947,Seasonally adjusted,Kilotonnes,Carbon dioxide equivalents
HH1,Transport,Carbon dioxide equivalents,2022.12,1918,Seasonally adjusted,Kilotonnes,Carbon dioxide equivalents
HH1,Transport,Carbon dioxide equivalents,2023.03,1924,Seasonally adjusted,Kilotonnes,Carbon dioxide equivalents
HH1,Transport,Carbon dioxide equivalents,2023.06,1968,Seasonally adjusted,Kilotonnes,Carbon dioxide equivalents
HH1,Transport,Carbon dioxide equivalents,2023.09,1855,Seasonally adjusted,Kilotonnes,Carbon dioxide equivalents
HH1,Transport,Nitrous oxide,2010.03,32,Seasonally adjusted,Kilotonnes,Carbon dioxide equivalents
HH1,Transport,Nitrous oxide,2010.06,32,Seasonally adjusted,Kilotonnes,Carbon dioxide equivalents
HH1,Transport,Nitrous oxide,2010.09,31,Seasonally adjusted,Kilotonnes,Carbon dioxide equivalents
HH1,Transport,Nitrous oxide,2014.09,27,Seasonally adjusted,Kilotonnes,Carbon dioxide equivalents
HH2,Heating/cooling,Methane,2011.12,11,Seasonally adjusted,Kilotonnes,Carbon dioxide equivalents
HH2,Heating/cooling,Methane,2012.03,15,Seasonally adjusted,Kilotonnes,Carbon dioxide equivalents
HH2,Heating/cooling,Methane,2012.06,13,Seasonally adjusted,Kilotonnes,Carbon dioxide equivalents
HH2,Heating/cooling,Methane,2013.12,14,Seasonally adjusted,Kilotonnes,Carbon dioxide equivalents
HH2,Heating/cooling,Methane,2014.03,13,Seasonally adjusted,Kilotonnes,Carbon dioxide equivalents
HH2,Heating/cooling,Methane,2018.06,11,Seasonally adjusted,Kilotonnes,Carbon dioxide equivalents
HH2,Heating/cooling,Methane,2018.09,11,Seasonally adjusted,Kilotonnes,Carbon dioxide equivalents
HH2,Heating/cooling,Methane,2018.12,8,Seasonally adjusted,Kilotonnes,Carbon dioxide equivalents
HH2,Heating/cooling,Carbon dioxide,2016.06,137,Seasonally adjusted,Kilotonnes,Carbon dioxide equivalents
HH2,Heating/cooling,Carbon dioxide,2016.09,145,Seasonally adjusted,Kilotonnes,Carbon dioxide equivalents
HH2,Heating/cooling,Carbon dioxide,2017.09,151,Seasonally adjusted,Kilotonnes,Carbon dioxide equivalents
HH2,Heating/cooling,Carbon dioxide,2017.12,144,Seasonally adjusted,Kilotonnes,Carbon dioxide equivalents
HH2,Heating/cooling,Carbon dioxide,2018.03,148,Seasonally adjusted,Kilotonnes,Carbon dioxide equivalents
HH2,Heating/cooling,Carbon dioxide,2018.06,158,Seasonally adjusted,Kilotonnes,Carbon dioxide equivalents
HH2,Heating/cooling,Carbon dioxide equivalents,2012.12,157,Seasonally adjusted,Kilotonnes,Carbon dioxide equivalents
HH2,Heating/cooling,Carbon dioxide equivalents,2013.03,126,Seasonally adjusted,Kilotonnes,Carbon dioxide equivalents
HH2,Heating/cooling,Carbon dioxide equivalents,2013.06,159,Seasonally adjusted,Kilotonnes,Carbon dioxide equivalents
HH2,Heating/cooling,Carbon dioxide equivalents,2013.09,152,Seasonally adjusted,Kilotonnes,Carbon dioxide equivalents
HH2,Heating/cooling,Fluorinated gases,2020.12,0,Seasonally adjusted,Kilotonnes,Carbon dioxide equivalents
HH2,Heating/cooling,Fluorinated gases,2021.03,0,Seasonally adjusted,Kilotonnes,Carbon dioxide equivalents
HH2,Heating/cooling,Fluorinated gases,2021.06,0,Seasonally adjusted,Kilotonnes,Carbon dioxide equivalents
HH2,Heating/cooling,Fluorinated gases,2021.09,0,Seasonally adjusted,Kilotonnes,Carbon dioxide equivalents
HH2,Heating/cooling,Nitrous oxide,2011.03,5,Seasonally adjusted,Kilotonnes,Carbon dioxide equivalents
HH2,Heating/cooling,Nitrous oxide,2011.06,1,Seasonally adjusted,Kilotonnes,Carbon dioxide equivalents
HH2,Heating/cooling,Nitrous oxide,2023.03,1,Seasonally adjusted,Kilotonnes,Carbon dioxide equivalents
HH2,Heating/cooling,Nitrous oxide,2023.06,1,Seasonally adjusted,Kilotonnes,Carbon dioxide equivalents
HH2,Heating/cooling,Nitrous oxide,2023.09,1,Seasonally adjusted,Kilotonnes,Carbon dioxide equivalents
HH3,Other,Methane,2010.03,19,Seasonally adjusted,Kilotonnes,Carbon dioxide equivalents
HH3,Other,Methane,2010.06,19,Seasonally adjusted,Kilotonnes,Carbon dioxide equivalents
HH3,Other,Methane,2010.09,19,Seasonally adjusted,Kilotonnes,Carbon dioxide equivalents
HH3,Other,Methane,2010.12,19,Seasonally adjusted,Kilotonnes,Carbon dioxide equivalents
HH3,Other,Methane,2011.03,19,Seasonally adjusted,Kilotonnes,Carbon dioxide equivalents
HH3,Other,Methane,2015.09,20,Seasonally adjusted,Kilotonnes,Carbon dioxide equivalents
HH3,Other,Methane,2015.12,20,Seasonally adjusted,Kilotonnes,Carbon dioxide equivalents
HH3,Other,Methane,2016.03,21,Seasonally adjusted,Kilotonnes,Carbon dioxide equivalents
HH3,Other,Carbon dioxide,2014.12,6,Seasonally adjusted,Kilotonnes,Carbon dioxide equivalents
HH3,Other,Carbon dioxide,2015.03,7,Seasonally adjusted,Kilotonnes,Carbon dioxide equivalents
HH3,Other,Carbon dioxide,2015.06,9,Seasonally adjusted,Kilotonnes,Carbon dioxide equivalents
HH3,Other,Carbon dioxide,2015.09,13,Seasonally adjusted,Kilotonnes,Carbon dioxide equivalents
HH3,Other,Carbon dioxide,2021.09,5,Seasonally adjusted,Kilotonnes,Carbon dioxide equivalents
HH3,Other,Carbon dioxide equivalents,2013.12,61,Seasonally adjusted,Kilotonnes,Carbon dioxide equivalents
HH3,Other,Carbon dioxide equivalents,2014.03,60,Seasonally adjusted,Kilotonnes,Carbon dioxide equivalents
HH3,Other,Carbon dioxide equivalents,2018.03,66,Seasonally adjusted,Kilotonnes,Carbon dioxide equivalents
HH3,Other,Carbon dioxide equivalents,2018.06,67,Seasonally adjusted,Kilotonnes,Carbon dioxide equivalents
HH3,Other,Carbon dioxide equivalents,2018.09,64,Seasonally adjusted,Kilotonnes,Carbon dioxide equivalents
HH3,Other,Fluorinated gases,2010.09,29,Seasonally adjusted,Kilotonnes,Carbon dioxide equivalents
HH3,Other,Fluorinated gases,2010.12,31,Seasonally adjusted,Kilotonnes,Carbon dioxide equivalents
HH3,Other,Fluorinated gases,2011.03,31,Seasonally adjusted,Kilotonnes,Carbon dioxide equivalents
HH3,Other,Fluorinated gases,2011.06,32,Seasonally adjusted,Kilotonnes,Carbon dioxide equivalents
HH3,Other,Fluorinated gases,2011.09,32,Seasonally adjusted,Kilotonnes,Carbon dioxide equivalents
HH3,Other,Fluorinated gases,2011.12,33,Seasonally adjusted,Kilotonnes,Carbon dioxide equivalents
HHD,Households,Methane,2022.03,37,Seasonally adjusted,Kilotonnes,Carbon dioxide equivalents
HHD,Households,Methane,2022.06,36,Seasonally adjusted,Kilotonnes,Carbon dioxide equivalents
HHD,Households,Methane,2022.09,36,Seasonally adjusted,Kilotonnes,Carbon dioxide equivalents
HHD,Households,Carbon dioxide,2011.03,1908,Seasonally adjusted,Kilotonnes,Carbon dioxide equivalents
HHD,Households,Carbon dioxide,2011.06,1860,Seasonally adjusted,Kilotonnes,Carbon dioxide equivalents
HHD,Households,Carbon dioxide,2011.09,1880,Seasonally adjusted,Kilotonnes,Carbon dioxide equivalents
HHD,Households,Carbon dioxide,2022.09,2077,Seasonally adjusted,Kilotonnes,Carbon dioxide equivalents
HHD,Households,Carbon dioxide,2022.12,2052,Seasonally adjusted,Kilotonnes,Carbon dioxide equivalents
HHD,Households,Carbon dioxide,2023.03,2063,Seasonally adjusted,Kilotonnes,Carbon dioxide equivalents
HHD,Households,Carbon dioxide,2023.06,2103,Seasonally adjusted,Kilotonnes,Carbon dioxide equivalents
HHD,Households,Carbon dioxide,2023.09,1991,Seasonally adjusted,Kilotonnes,Carbon dioxide equivalents
HHD,Households,Nitrous oxide,2012.12,31,Seasonally adjusted,Kilotonnes,Carbon dioxide equivalents
HHD,Households,Nitrous oxide,2013.03,30,Seasonally adjusted,Kilotonnes,Carbon dioxide equivalents
HHD,Households,Nitrous oxide,2018.09,23,Seasonally adjusted,Kilotonnes,Carbon dioxide equivalents
HHD,Households,Nitrous oxide,2018.12,22,Seasonally adjusted,Kilotonnes,Carbon dioxide equivalents
HHD,Households,Nitrous oxide,2019.03,22,Seasonally adjusted,Kilotonnes,Carbon dioxide equivalents
HHD,Households,Nitrous oxide,2019.06,22,Seasonally adjusted,Kilotonnes,Carbon dioxide equivalents
HHD,Households,Nitrous oxide,2019.09,22,Seasonally adjusted,Kilotonnes,Carbon dioxide equivalents
HHD,Households,Nitrous oxide,2019.12,23,Seasonally adjusted,Kilotonnes,Carbon dioxide equivalents
HHD,Households,Nitrous oxide,2020.03,23,Seasonally adjusted,Kilotonnes,Carbon dioxide equivalents
II1,"Transport, postal, and warehousing",Carbon dioxide equivalents,2010.03,1433,Seasonally adjusted,Kilotonnes,Carbon dioxide equivalents
II1,"Transport, postal, and warehousing",Carbon dioxide equivalents,2010.06,1481,Seasonally adjusted,Kilotonnes,Carbon dioxide equivalents
II1,"Transport, postal, and warehousing",Carbon dioxide equivalents,2013.03,1486,Seasonally adjusted,Kilotonnes,Carbon dioxide equivalents
II1,"Transport, postal, and warehousing",Carbon dioxide equivalents,2013.06,1526,Seasonally adjusted,Kilotonnes,Carbon dioxide equivalents
II1,"Transport, postal, and warehousing",Carbon dioxide equivalents,2013.09,1488,Seasonally adjusted,Kilotonnes,Carbon dioxide equivalents
II1,"Transport, postal, and warehousing",Carbon dioxide equivalents,2019.03,1728,Seasonally adjusted,Kilotonnes,Carbon dioxide equivalents
II1,"Transport, postal, and warehousing",Carbon dioxide equivalents,2019.06,1766,Seasonally adjusted,Kilotonnes,Carbon dioxide equivalents
II1,"Transport, postal, and warehousing",Carbon dioxide equivalents,2019.09,1770,Seasonally adjusted,Kilotonnes,Carbon dioxide equivalents
II1,"Transport, postal, and warehousing",Carbon dioxide equivalents,2019.12,1781,Seasonally adjusted,Kilotonnes,Carbon dioxide equivalents
II1,"Transport, postal, and warehousing",Carbon dioxide equivalents,2020.03,1674,Seasonally adjusted,Kilotonnes,Carbon dioxide equivalents
II1,"Transport, postal, and warehousing",Carbon dioxide equivalents,2020.06,907,Seasonally adjusted,Kilotonnes,Carbon dioxide equivalents
II1,"Transport, postal, and warehousing",Carbon dioxide equivalents,2020.09,1030,Seasonally adjusted,Kilotonnes,Carbon dioxide equivalents
II1,"Transport, postal, and warehousing",Carbon dioxide equivalents,2020.12,1126,Seasonally adjusted,Kilotonnes,Carbon dioxide equivalents
II1,"Transport, postal, and warehousing",Carbon dioxide equivalents,2021.03,1085,Seasonally adjusted,Kilotonnes,Carbon dioxide equivalents
ZGZ,Goods-producing industries,Methane,2010.06,771,Seasonally adjusted,Kilotonnes,Carbon dioxide equivalents
ZGZ,Goods-producing industries,Methane,2010.09,761,Seasonally adjusted,Kilotonnes,Carbon dioxide equivalents
ZGZ,Goods-producing industries,Methane,2010.12,758,Seasonally adjusted,Kilotonnes,Carbon dioxide equivalents
ZGZ,Goods-producing industries,Methane,2011.03,749,Seasonally adjusted,Kilotonnes,Carbon dioxide equivalents
ZGZ,Goods-producing industries,Methane,2016.09,689,Seasonally adjusted,Kilotonnes,Carbon dioxide equivalents
ZGZ,Goods-producing industries,Methane,2016.12,684,Seasonally adjusted,Kilotonnes,Carbon dioxide equivalents
ZGZ,Goods-producing industries,Carbon dioxide,2020.12,4373,Seasonally adjusted,Kilotonnes,Carbon dioxide equivalents
ZGZ,Goods-producing industries,Carbon dioxide,2021.03,4459,Seasonally adjusted,Kilotonnes,Carbon dioxide equivalents
ZGZ,Goods-producing industries,Carbon dioxide,2021.06,4831,Seasonally adjusted,Kilotonnes,Carbon dioxide equivalents
ZGZ,Goods-producing industries,Carbon dioxide,2021.09,3755,Seasonally adjusted,Kilotonnes,Carbon dioxide equivalents
ZGZ,Goods-producing industries,Carbon dioxide,2021.12,3798,Seasonally adjusted,Kilotonnes,Carbon dioxide equivalents
ZGZ,Goods-producing industries,Carbon dioxide equivalents,2018.03,5000,Seasonally adjusted,Kilotonnes,Carbon dioxide equivalents
ZGZ,Goods-producing industries,Fluorinated gases,2017.12,153,Seasonally adjusted,Kilotonnes,Carbon dioxide equivalents
ZGZ,Goods-producing industries,Fluorinated gases,2018.03,159,Seasonally adjusted,Kilotonnes,Carbon dioxide equivalents
ZGZ,Goods-producing industries,Fluorinated gases,2020.12,202,Seasonally adjusted,Kilotonnes,Carbon dioxide equivalents
ZGZ,Goods-producing industries,Nitrous oxide,2023.06,54,Seasonally adjusted,Kilotonnes,Carbon dioxide equivalents
ZGZ,Goods-producing industries,Nitrous oxide,2023.09,56,Seasonally adjusted,Kilotonnes,Carbon dioxide equivalents
ZPZ,Primary industries,Methane,2010.03,7631,Seasonally adjusted,Kilotonnes,Carbon dioxide equivalents
ZPZ,Primary industries,Methane,2021.03,7577,Seasonally adjusted,Kilotonnes,Carbon dioxide equivalents
ZPZ,Primary industries,Carbon dioxide,2011.06,1044,Seasonally adjusted,Kilotonnes,Carbon dioxide equivalents
ZPZ,Primary industries,Carbon dioxide,2019.12,1027,Seasonally adjusted,Kilotonnes,Carbon dioxide equivalents
ZPZ,Primary industries,Carbon dioxide,2020.03,1006,Seasonally adjusted,Kilotonnes,Carbon dioxide equivalents
ZPZ,Primary industries,Carbon dioxide equivalents,2015.12,10642,Seasonally adjusted,Kilotonnes,Carbon dioxide equivalents
ZPZ,Primary industries,Carbon dioxide equivalents,2016.03,10510,Seasonally adjusted,Kilotonnes,Carbon dioxide equivalents
ZPZ,Primary industries,Fluorinated gases,2022.03,1,Seasonally adjusted,Kilotonnes,Carbon dioxide equivalents
ZPZ,Primary industries,Fluorinated gases,2022.06,1,Seasonally adjusted,Kilotonnes,Carbon dioxide equivalents
ZPZ,Primary industries,Fluorinated gases,2022.09,1,Seasonally adjusted,Kilotonnes,Carbon dioxide equivalents
ZPZ,Primary industries,Nitrous oxide,2010.06,1735,Seasonally adjusted,Kilotonnes,Carbon dioxide equivalents
ZPZ,Primary industries,Nitrous oxide,2019.12,1902,Seasonally adjusted,Kilotonnes,Carbon dioxide equivalents
ZPZ,Primary industries,Nitrous oxide,2023.09,1790,Seasonally adjusted,Kilotonnes,Carbon dioxide equivalents
ZSX,"Services excluding transport, postal, and warehousing",Carbon dioxide equivalents,2010.03,739,Seasonally adjusted,Kilotonnes,Carbon dioxide equivalents
ZSX,"Services excluding transport, postal, and warehousing",Carbon dioxide equivalents,2010.06,749,Seasonally adjusted,Kilotonnes,Carbon dioxide equivalents
ZSX,"Services excluding transport, postal, and warehousing",Carbon dioxide equivalents,2012.03,726,Seasonally adjusted,Kilotonnes,Carbon dioxide equivalents
ZSX,"Services excluding transport, postal, and warehousing",Carbon dioxide equivalents,2012.06,723,Seasonally adjusted,Kilotonnes,Carbon dioxide equivalents
ZSX,"Services excluding transport, postal, and warehousing",Carbon dioxide equivalents,2022.03,725,Seasonally adjusted,Kilotonnes,Carbon dioxide equivalents
ZSX,"Services excluding transport, postal, and warehousing",Carbon dioxide equivalents,2022.06,704,Seasonally adjusted,Kilotonnes,Carbon dioxide equivalents
ZSZ,Service industries,Methane,2010.06,3,Seasonally adjusted,Kilotonnes,Carbon dioxide equivalents
ZSZ,Service industries,Methane,2010.09,4,Seasonally adjusted,Kilotonnes,Carbon dioxide equivalents
ZSZ,Service industries,Methane,2010.12,4,Seasonally adjusted,Kilotonnes,Carbon dioxide equivalents
ZSZ,Service industries,Methane,2017.12,2,Seasonally adjusted,Kilotonnes,Carbon dioxide equivalents
ZSZ,Service industries,Methane,2018.03,2,Seasonally adjusted,Kilotonnes,Carbon dioxide equivalents
ZSZ,Service industries,Carbon dioxide,2013.09,1974,Seasonally adjusted,Kilotonnes,Carbon dioxide equivalents
ZSZ,Service industries,Carbon dioxide,2013.12,2008,Seasonally adjusted,Kilotonnes,Carbon dioxide equivalents
ZSZ,Service industries,Carbon dioxide,2014.03,1987,Seasonally adjusted,Kilotonnes,Carbon dioxide equivalents
ZSZ,Service industries,Carbon dioxide,2014.06,1961,Seasonally adjusted,Kilotonnes,Carbon dioxide equivalents
ZSZ,Service industries,Fluorinated gases,2019.03,174,Seasonally adjusted,Kilotonnes,Carbon dioxide equivalents
ZSZ,Service industries,Fluorinated gases,2019.06,178,Seasonally adjusted,Kilotonnes,Carbon dioxide equivalents
ZSZ,Service industries,Fluorinated gases,2019.09,179,Seasonally adjusted,Kilotonnes,Carbon dioxide equivalents
ZSZ,Service industries,Fluorinated gases,2019.12,176,Seasonally adjusted,Kilotonnes,Carbon dioxide equivalents
ZSZ,Service industries,Nitrous oxide,2011.12,33,Seasonally adjusted,Kilotonnes,Carbon dioxide equivalents
ZSZ,Service industries,Nitrous oxide,2012.03,33,Seasonally adjusted,Kilotonnes,Carbon dioxide equivalents
ZSZ,Service industries,Nitrous oxide,2022.03,39,Seasonally adjusted,Kilotonnes,Carbon dioxide equivalents
ZSZ,Service industries,Nitrous oxide,2022.06,40,Seasonally adjusted,Kilotonnes,Carbon dioxide equivalents
ZSZ,Service industries,Nitrous oxide,2022.09,42,Seasonally adjusted,Kilotonnes,Carbon dioxide equivalents
ZSZ,Service industries,Nitrous oxide,2022.12,42,Seasonally adjusted,Kilotonnes,Carbon dioxide equivalents
ZSZ,Service industries,Nitrous oxide,2023.03,43,Seasonally adjusted,Kilotonnes,Carbon dioxide equivalents
ZSZ,Service industries,Nitrous oxide,2023.06,44,Seasonally adjusted,Kilotonnes,Carbon dioxide equivalents
ZZ9,Total industry,Methane,2010.12,8429,Seasonally adjusted,Kilotonnes,Carbon dioxide equivalents
ZZ9,Total industry,Carbon dioxide,2017.06,7468,Seasonally adjusted,Kilotonnes,Carbon dioxide equivalents
ZZ9,Total industry,Carbon dioxide,2017.09,7517,Seasonally adjusted,Kilotonnes,Carbon dioxide equivalents
ZZ9,Total industry,Carbon dioxide,2017.12,7676,Seasonally adjusted,Kilotonnes,Carbon dioxide equivalents
ZZ9,Total industry,Carbon dioxide,2019.03,7953,Seasonally adjusted,Kilotonnes,Carbon dioxide equivalents
ZZ9,Total industry,Carbon dioxide,2019.06,7535,Seasonally adjusted,Kilotonnes,Carbon dioxide equivalents
ZZ9,Total industry,Carbon dioxide,2019.09,7855,Seasonally adjusted,Kilotonnes,Carbon dioxide equivalents
ZZ9,Total industry,Carbon dioxide equivalents,2016.12,17396,Seasonally adjusted,Kilotonnes,Carbon dioxide equivalents
ZZ9,Total industry,Fluorinated gases,2013.09,282,Seasonally adjusted,Kilotonnes,Carbon dioxide equivalents
ZZ9,Total industry,Fluorinated gases,2013.12,287,Seasonally adjusted,Kilotonnes,Carbon dioxide equivalents
ZZ9,Total industry,Fluorinated gases,2014.03,292,Seasonally adjusted,Kilotonnes,Carbon dioxide equivalents
ZZ9,Total industry,Fluorinated gases,2016.12,307,Seasonally adjusted,Kilotonnes,Carbon dioxide equivalents
ZZ9,Total industry,Fluorinated gases,2017.03,309,Seasonally adjusted,Kilotonnes,Carbon dioxide equivalents
ZZ9,Total industry,Nitrous oxide,2011.03,1842,Seasonally adjusted,Kilotonnes,Carbon dioxide equivalents
ZZ9,Total industry,Nitrous oxide,2011.06,1853,Seasonally adjusted,Kilotonnes,Carbon dioxide equivalents
ZZ9,Total industry,Nitrous oxide,2013.12,1902,Seasonally adjusted,Kilotonnes,Carbon dioxide equivalents
ZZ9,Total industry,Nitrous oxide,2014.03,1930,Seasonally adjusted,Kilotonnes,Carbon dioxide equivalents
ZZ9,Total industry,Nitrous oxide,2014.06,1946,Seasonally adjusted,Kilotonnes,Carbon dioxide equivalents
ZZ9,Total industry,Nitrous oxide,2021.09,1966,Seasonally adjusted,Kilotonnes,Carbon dioxide equivalents
ZZ9,Total industry,Nitrous oxide,2023.03,1899,Seasonally adjusted,Kilotonnes,Carbon dioxide equivalents
ZZ9,Total industry,Nitrous oxide,2023.06,1894,Seasonally adjusted,Kilotonnes,Carbon dioxide equivalents
ZZZ,Total,Methane,2012.06,8569,Seasonally adjusted,Kilotonnes,Carbon dioxide equivalents
ZZZ,Total,Methane,2012.09,8575,Seasonally adjusted,Kilotonnes,Carbon dioxide equivalents
ZZZ,Total,Methane,2012.12,8566,Seasonally adjusted,Kilotonnes,Carbon dioxide equivalents
ZZZ,Total,Methane,2019.03,8593,Seasonally adjusted,Kilotonnes,Carbon dioxide equivalents
ZZZ,Total,Methane,2019.06,8513,Seasonally adjusted,Kilotonnes,Carbon dioxide equivalents
ZZZ,Total,Carbon dioxide,2017.06,9614,Seasonally adjusted,Kilotonnes,Carbon dioxide equivalents
ZZZ,Total,Fluorinated gases,2020.06,379,Seasonally adjusted,Kilotonnes,Carbon dioxide equivalents
ZZZ,Total,Nitrous oxide,2011.12,1893,Seasonally adjusted,Kilotonnes,Carbon dioxide equivalents
ZZZ,Total,Nitrous oxide,2012.03,1902,Seasonally adjusted,Kilotonnes,Carbon dioxide equivalents
ZZZ,Total,Nitrous oxide,2020.06,2035,Seasonally adjusted,Kilotonnes,Carbon dioxide equivalents
ZZZ,Total,Nitrous oxide,2021.12,1969,Seasonally adjusted,Kilotonnes,Carbon dioxide equivalents
ZZZ,Total,Nitrous oxide,2023.09,1910,Seasonally adjusted,Kilotonnes,Carbon dioxide equivalents
AAZ,"Agriculture, forestry, fishing",Carbon dioxide equivalents,2010.03,11338,Actual,Kilotonnes,Carbon dioxide equivalents
AAZ,"Agriculture, forestry, fishing",Carbon dioxide equivalents,2010.06,8395,Actual,Kilotonnes,Carbon dioxide equivalents
AAZ,"Agriculture, forestry, fishing",Carbon dioxide equivalents,2018.12,11267,Actual,Kilotonnes,Carbon dioxide equivalents
AAZ,"Agriculture, forestry, fishing",Carbon dioxide equivalents,2019.03,12239,Actual,Kilotonnes,Carbon dioxide equivalents
AAZ,"Agriculture, forestry, fishing",Carbon dioxide equivalents,2020.09,9041,Actual,Kilotonnes,Carbon dioxide equivalents
AAZ,"Agriculture, forestry, fishing",Carbon dioxide equivalents,2020.12,11206,Actual,Kilotonnes,Carbon dioxide equivalents
AAZ,"Agriculture, forestry, fishing",Carbon dioxide equivalents,2021.03,11775,Actual,Kilotonnes,Carbon dioxide equivalents
AAZ,"Agriculture, forestry, fishing",Carbon dioxide equivalents,2021.06,8588,Actual,Kilotonnes,Carbon dioxide equivalents
AAZ,"Agriculture, forestry, fishing",Carbon dioxide equivalents,2021.09,9094,Actual,Kilotonnes,Carbon dioxide equivalents
AAZ,"Agriculture, forestry, fishing",Carbon dioxide equivalents,2021.12,11037,Actual,Kilotonnes,Carbon dioxide equivalents
AAZ,"Agriculture, forestry, fishing",Carbon dioxide equivalents,2022.03,11579,Actual,Kilotonnes,Carbon dioxide equivalents
AAZ,"Agriculture, forestry, fishing",Carbon dioxide equivalents,2022.06,8402,Actual,Kilotonnes,Carbon dioxide equivalents
AAZ,"Agriculture, forestry, fishing",Carbon dioxide equivalents,2022.09,8952,Actual,Kilotonnes,Carbon dioxide equivalents
BB1,Mining,Carbon dioxide equivalents,2010.09,591,Actual,Kilotonnes,Carbon dioxide equivalents
BB1,Mining,Carbon dioxide equivalents,2010.12,590,Actual,Kilotonnes,Carbon dioxide equivalents
BB1,Mining,Carbon dioxide equivalents,2011.03,550,Actual,Kilotonnes,Carbon dioxide equivalents
BB1,Mining,Carbon dioxide equivalents,2011.06,553,Actual,Kilotonnes,Carbon dioxide equivalents
BB1,Mining,Carbon dioxide equivalents,2011.09,567,Actual,Kilotonnes,Carbon dioxide equivalents
BB1,Mining,Carbon dioxide equivalents,2011.12,521,Actual,Kilotonnes,Carbon dioxide equivalents
BB1,Mining,Carbon dioxide equivalents,2012.03,471,Actual,Kilotonnes,Carbon dioxide equivalents
BB1,Mining,Carbon dioxide equivalents,2021.09,262,Actual,Kilotonnes,Carbon dioxide equivalents
BB1,Mining,Carbon dioxide equivalents,2021.12,262,Actual,Kilotonnes,Carbon dioxide equivalents
BB1,Mining,Carbon dioxide equivalents,2022.03,293,Actual,Kilotonnes,Carbon dioxide equivalents
BB1,Mining,Carbon dioxide equivalents,2022.06,324,Actual,Kilotonnes,Carbon dioxide equivalents
BB1,Mining,Carbon dioxide equivalents,2022.09,310,Actual,Kilotonnes,Carbon dioxide equivalents
BB1,Mining,Carbon dioxide equivalents,2022.12,314,Actual,Kilotonnes,Carbon dioxide equivalents
BB1,Mining,Carbon dioxide equivalents,2023.03,289,Actual,Kilotonnes,Carbon dioxide equivalents
CCZ,Manufacturing,Carbon dioxide equivalents,2012.03,2437,Actual,Kilotonnes,Carbon dioxide equivalents
CCZ,Manufacturing,Carbon dioxide equivalents,2012.06,2420,Actual,Kilotonnes,Carbon dioxide equivalents
CCZ,Manufacturing,Carbon dioxide equivalents,2012.09,2521,Actual,Kilotonnes,Carbon dioxide equivalents
CCZ,Manufacturing,Carbon dioxide equivalents,2012.12,2808,Actual,Kilotonnes,Carbon dioxide equivalents
CCZ,Manufacturing,Carbon dioxide equivalents,2019.12,3157,Actual,Kilotonnes,Carbon dioxide equivalents
CCZ,Manufacturing,Carbon dioxide equivalents,2020.03,2634,Actual,Kilotonnes,Carbon dioxide equivalents
CCZ,Manufacturing,Carbon dioxide equivalents,2022.06,2204,Actual,Kilotonnes,Carbon dioxide equivalents
CCZ,Manufacturing,Carbon dioxide equivalents,2022.09,2096,Actual,Kilotonnes,Carbon dioxide equivalents
CCZ,Manufacturing,Carbon dioxide equivalents,2022.12,2265,Actual,Kilotonnes,Carbon dioxide equivalents
CCZ,Manufacturing,Carbon dioxide equivalents,2023.03,2253,Actual,Kilotonnes,Carbon dioxide equivalents
CCZ,Manufacturing,Carbon dioxide equivalents,2023.06,2148,Actual,Kilotonnes,Carbon dioxide equivalents
CCZ,Manufacturing,Carbon dioxide equivalents,2023.09,2150,Actual,Kilotonnes,Carbon dioxide equivalents
DD1,"Electricity, gas, water, and waste services",Carbon dioxide equivalents,2010.03,2420,Actual,Kilotonnes,Carbon dioxide equivalents
DD1,"Electricity, gas, water, and waste services",Carbon dioxide equivalents,2010.06,2454,Actual,Kilotonnes,Carbon dioxide equivalents
DD1,"Electricity, gas, water, and waste services",Carbon dioxide equivalents,2010.09,2452,Actual,Kilotonnes,Carbon dioxide equivalents
DD1,"Electricity, gas, water, and waste services",Carbon dioxide equivalents,2010.12,2330,Actual,Kilotonnes,Carbon dioxide equivalents
DD1,"Electricity, gas, water, and waste services",Carbon dioxide equivalents,2012.12,2086,Actual,Kilotonnes,Carbon dioxide equivalents
DD1,"Electricity, gas, water, and waste services",Carbon dioxide equivalents,2013.03,2354,Actual,Kilotonnes,Carbon dioxide equivalents
DD1,"Electricity, gas, water, and waste services",Carbon dioxide equivalents,2019.09,2150,Actual,Kilotonnes,Carbon dioxide equivalents
DD1,"Electricity, gas, water, and waste services",Carbon dioxide equivalents,2021.06,2696,Actual,Kilotonnes,Carbon dioxide equivalents
EE1,Construction,Carbon dioxide equivalents,2011.03,276,Actual,Kilotonnes,Carbon dioxide equivalents
EE1,Construction,Carbon dioxide equivalents,2015.09,322,Actual,Kilotonnes,Carbon dioxide equivalents
EE1,Construction,Carbon dioxide equivalents,2015.12,318,Actual,Kilotonnes,Carbon dioxide equivalents
EE1,Construction,Carbon dioxide equivalents,2016.03,308,Actual,Kilotonnes,Carbon dioxide equivalents
EE1,Construction,Carbon dioxide equivalents,2016.06,348,Actual,Kilotonnes,Carbon dioxide equivalents
EE1,Construction,Carbon dioxide equivalents,2016.09,345,Actual,Kilotonnes,Carbon dioxide equivalents
EE1,Construction,Carbon dioxide equivalents,2016.12,356,Actual,Kilotonnes,Carbon dioxide equivalents
EE1,Construction,Carbon dioxide equivalents,2020.12,474,Actual,Kilotonnes,Carbon dioxide equivalents
EE1,Construction,Carbon dioxide equivalents,2022.09,504,Actual,Kilotonnes,Carbon dioxide equivalents
EE1,Construction,Carbon dioxide equivalents,2022.12,472,Actual,Kilotonnes,Carbon dioxide equivalents
EE1,Construction,Carbon dioxide equivalents,2023.03,450,Actual,Kilotonnes,Carbon dioxide equivalents
EE1,Construction,Carbon dioxide equivalents,2023.06,481,Actual,Kilotonnes,Carbon dioxide equivalents
EE1,Construction,Carbon dioxide equivalents,2023.09,484,Actual,Kilotonnes,Carbon dioxide equivalents
HH1,Transport,Carbon dioxide equivalents,2012.03,1767,Actual,Kilotonnes,Carbon dioxide equivalents
HH1,Transport,Carbon dioxide equivalents,2016.03,1940,Actual,Kilotonnes,Carbon dioxide equivalents
HH1,Transport,Carbon dioxide equivalents,2021.06,2067,Actual,Kilotonnes,Carbon dioxide equivalents
HH1,Transport,Carbon dioxide equivalents,2021.09,1666,Actual,Kilotonnes,Carbon dioxide equivalents
HH1,Transport,Carbon dioxide equivalents,2021.12,1921,Actual,Kilotonnes,Carbon dioxide equivalents
HH1,Transport,Carbon dioxide equivalents,2022.03,1863,Actual,Kilotonnes,Carbon dioxide equivalents
HH1,Transport,Carbon dioxide equivalents,2022.06,1844,Actual,Kilotonnes,Carbon dioxide equivalents
HH1,Transport,Carbon dioxide equivalents,2022.09,1889,Actual,Kilotonnes,Carbon dioxide equivalents
HH2,Heating/cooling,Carbon dioxide equivalents,2010.12,118,Actual,Kilotonnes,Carbon dioxide equivalents
HH2,Heating/cooling,Carbon dioxide equivalents,2011.03,129,Actual,Kilotonnes,Carbon dioxide equivalents
HH2,Heating/cooling,Carbon dioxide equivalents,2011.06,148,Actual,Kilotonnes,Carbon dioxide equivalents
HH2,Heating/cooling,Carbon dioxide equivalents,2011.09,204,Actual,Kilotonnes,Carbon dioxide equivalents
HH2,Heating/cooling,Carbon dioxide equivalents,2019.06,181,Actual,Kilotonnes,Carbon dioxide equivalents
HH2,Heating/cooling,Carbon dioxide equivalents,2019.09,241,Actual,Kilotonnes,Carbon dioxide equivalents
HH2,Heating/cooling,Carbon dioxide equivalents,2020.12,152,Actual,Kilotonnes,Carbon dioxide equivalents
HH2,Heating/cooling,Carbon dioxide equivalents,2021.03,106,Actual,Kilotonnes,Carbon dioxide equivalents
HH3,Other,Carbon dioxide equivalents,2012.03,58,Actual,Kilotonnes,Carbon dioxide equivalents
HH3,Other,Carbon dioxide equivalents,2012.06,58,Actual,Kilotonnes,Carbon dioxide equivalents
HH3,Other,Carbon dioxide equivalents,2012.09,58,Actual,Kilotonnes,Carbon dioxide equivalents
HH3,Other,Carbon dioxide equivalents,2014.06,61,Actual,Kilotonnes,Carbon dioxide equivalents
HH3,Other,Carbon dioxide equivalents,2014.09,62,Actual,Kilotonnes,Carbon dioxide equivalents
HH3,Other,Carbon dioxide equivalents,2014.12,62,Actual,Kilotonnes,Carbon dioxide equivalents
HH3,Other,Carbon dioxide equivalents,2015.03,64,Actual,Kilotonnes,Carbon dioxide equivalents
HH3,Other,Carbon dioxide equivalents,2021.09,56,Actual,Kilotonnes,Carbon dioxide equivalents
HH3,Other,Carbon dioxide equivalents,2023.03,59,Actual,Kilotonnes,Carbon dioxide equivalents
HH3,Other,Carbon dioxide equivalents,2023.06,59,Actual,Kilotonnes,Carbon dioxide equivalents
HH3,Other,Carbon dioxide equivalents,2023.09,57,Actual,Kilotonnes,Carbon dioxide equivalents
HHD,Households,Methane,2012.12,37,Actual,Kilotonnes,Carbon dioxide equivalents
HHD,Households,Methane,2013.03,31,Actual,Kilotonnes,Carbon dioxide equivalents
HHD,Households,Methane,2013.06,47,Actual,Kilotonnes,Carbon dioxide equivalents
HHD,Households,Methane,2021.12,34,Actual,Kilotonnes,Carbon dioxide equivalents
HHD,Households,Methane,2022.03,32,Actual,Kilotonnes,Carbon dioxide equivalents
HHD,Households,Methane,2022.12,33,Actual,Kilotonnes,Carbon dioxide equivalents
HHD,Households,Methane,2023.03,31,Actual,Kilotonnes,Carbon dioxide equivalents
HHD,Households,Carbon dioxide,2010.06,1846,Actual,Kilotonnes,Carbon dioxide equivalents
HHD,Households,Carbon dioxide,2015.03,1939,Actual,Kilotonnes,Carbon dioxide equivalents
HHD,Households,Carbon dioxide,2020.12,2264,Actual,Kilotonnes,Carbon dioxide equivalents
HHD,Households,Carbon dioxide,2021.09,1874,Actual,Kilotonnes,Carbon dioxide equivalents
HHD,Households,Carbon dioxide,2021.12,2046,Actual,Kilotonnes,Carbon dioxide equivalents
HHD,Households,Fluorinated gases,2019.03,37,Actual,Kilotonnes,Carbon dioxide equivalents
HHD,Households,Fluorinated gases,2019.06,36,Actual,Kilotonnes,Carbon dioxide equivalents
HHD,Households,Fluorinated gases,2019.09,35,Actual,Kilotonnes,Carbon dioxide equivalents
HHD,Households,Fluorinated gases,2021.06,33,Actual,Kilotonnes,Carbon dioxide equivalents
HHD,Households,Fluorinated gases,2021.12,31,Actual,Kilotonnes,Carbon dioxide equivalents
HHD,Households,Fluorinated gases,2022.03,30,Actual,Kilotonnes,Carbon dioxide equivalents
HHD,Households,Fluorinated gases,2022.06,30,Actual,Kilotonnes,Carbon dioxide equivalents
HHD,Households,Fluorinated gases,2022.09,30,Actual,Kilotonnes,Carbon dioxide equivalents
HHD,Households,Nitrous oxide,2013.03,30,Actual,Kilotonnes,Carbon dioxide equivalents
HHD,Households,Nitrous oxide,2013.06,30,Actual,Kilotonnes,Carbon dioxide equivalents
HHD,Households,Nitrous oxide,2013.09,31,Actual,Kilotonnes,Carbon dioxide equivalents
HHD,Households,Nitrous oxide,2013.12,30,Actual,Kilotonnes,Carbon dioxide equivalents
HHD,Households,Nitrous oxide,2015.03,28,Actual,Kilotonnes,Carbon dioxide equivalents
HHD,Households,Nitrous oxide,2019.03,22,Actual,Kilotonnes,Carbon dioxide equivalents
HHD,Households,Nitrous oxide,2020.12,23,Actual,Kilotonnes,Carbon dioxide equivalents
HHD,Households,Nitrous oxide,2021.03,21,Actual,Kilotonnes,Carbon dioxide equivalents
HHD,Households,Nitrous oxide,2021.06,23,Actual,Kilotonnes,Carbon dioxide equivalents
HHD,Households,Nitrous oxide,2022.06,20,Actual,Kilotonnes,Carbon dioxide equivalents
HHD,Households,Nitrous oxide,2023.09,20,Actual,Kilotonnes,Carbon dioxide equivalents
II1,"Transport, postal, and warehousing",Carbon dioxide equivalents,2010.03,1457,Actual,Kilotonnes,Carbon dioxide equivalents
II1,"Transport, postal, and warehousing",Carbon dioxide equivalents,2010.06,1440,Actual,Kilotonnes,Carbon dioxide equivalents
II1,"Transport, postal, and warehousing",Carbon dioxide equivalents,2010.09,1543,Actual,Kilotonnes,Carbon dioxide equivalents
II1,"Transport, postal, and warehousing",Carbon dioxide equivalents,2013.03,1514,Actual,Kilotonnes,Carbon dioxide equivalents
II1,"Transport, postal, and warehousing",Carbon dioxide equivalents,2018.06,1678,Actual,Kilotonnes,Carbon dioxide equivalents
II1,"Transport, postal, and warehousing",Carbon dioxide equivalents,2018.09,1697,Actual,Kilotonnes,Carbon dioxide equivalents
II1,"Transport, postal, and warehousing",Carbon dioxide equivalents,2018.12,1855,Actual,Kilotonnes,Carbon dioxide equivalents
II1,"Transport, postal, and warehousing",Carbon dioxide equivalents,2019.03,1796,Actual,Kilotonnes,Carbon dioxide equivalents
II1,"Transport, postal, and warehousing",Carbon dioxide equivalents,2019.06,1703,Actual,Kilotonnes,Carbon dioxide equivalents
II1,"Transport, postal, and warehousing",Carbon dioxide equivalents,2019.09,1744,Actual,Kilotonnes,Carbon dioxide equivalents
II1,"Transport, postal, and warehousing",Carbon dioxide equivalents,2019.12,1802,Actual,Kilotonnes,Carbon dioxide equivalents
II1,"Transport, postal, and warehousing",Carbon dioxide equivalents,2020.03,1738,Actual,Kilotonnes,Carbon dioxide equivalents
II1,"Transport, postal, and warehousing",Carbon dioxide equivalents,2020.06,876,Actual,Kilotonnes,Carbon dioxide equivalents
II1,"Transport, postal, and warehousing",Carbon dioxide equivalents,2021.03,1123,Actual,Kilotonnes,Carbon dioxide equivalents
II1,"Transport, postal, and warehousing",Carbon dioxide equivalents,2021.06,1181,Actual,Kilotonnes,Carbon dioxide equivalents
II1,"Transport, postal, and warehousing",Carbon dioxide equivalents,2021.09,1016,Actual,Kilotonnes,Carbon dioxide equivalents
ZGZ,Goods-producing industries,Methane,2011.03,750,Actual,Kilotonnes,Carbon dioxide equivalents
ZGZ,Goods-producing industries,Methane,2011.09,725,Actual,Kilotonnes,Carbon dioxide equivalents
ZGZ,Goods-producing industries,Methane,2011.12,720,Actual,Kilotonnes,Carbon dioxide equivalents
ZGZ,Goods-producing industries,Methane,2012.12,709,Actual,Kilotonnes,Carbon dioxide equivalents
ZGZ,Goods-producing industries,Methane,2014.06,704,Actual,Kilotonnes,Carbon dioxide equivalents
ZGZ,Goods-producing industries,Methane,2014.09,710,Actual,Kilotonnes,Carbon dioxide equivalents
ZGZ,Goods-producing industries,Methane,2017.12,671,Actual,Kilotonnes,Carbon dioxide equivalents
ZGZ,Goods-producing industries,Carbon dioxide,2019.03,4689,Actual,Kilotonnes,Carbon dioxide equivalents
ZGZ,Goods-producing industries,Carbon dioxide,2023.03,3363,Actual,Kilotonnes,Carbon dioxide equivalents
ZGZ,Goods-producing industries,Carbon dioxide,2023.09,3680,Actual,Kilotonnes,Carbon dioxide equivalents
ZGZ,Goods-producing industries,Carbon dioxide equivalents,2019.06,4986,Actual,Kilotonnes,Carbon dioxide equivalents
ZGZ,Goods-producing industries,Carbon dioxide equivalents,2019.09,5337,Actual,Kilotonnes,Carbon dioxide equivalents
ZGZ,Goods-producing industries,Carbon dioxide equivalents,2019.12,5444,Actual,Kilotonnes,Carbon dioxide equivalents
ZGZ,Goods-producing industries,Carbon dioxide equivalents,2021.09,4641,Actual,Kilotonnes,Carbon dioxide equivalents
ZGZ,Goods-producing industries,Fluorinated gases,2012.12,88,Actual,Kilotonnes,Carbon dioxide equivalents
ZGZ,Goods-producing industries,Fluorinated gases,2013.12,101,Actual,Kilotonnes,Carbon dioxide equivalents
ZGZ,Goods-producing industries,Fluorinated gases,2016.09,122,Actual,Kilotonnes,Carbon dioxide equivalents
ZGZ,Goods-producing industries,Fluorinated gases,2018.09,165,Actual,Kilotonnes,Carbon dioxide equivalents
ZGZ,Goods-producing industries,Fluorinated gases,2022.03,214,Actual,Kilotonnes,Carbon dioxide equivalents
ZGZ,Goods-producing industries,Nitrous oxide,2010.09,46,Actual,Kilotonnes,Carbon dioxide equivalents
ZGZ,Goods-producing industries,Nitrous oxide,2010.12,48,Actual,Kilotonnes,Carbon dioxide equivalents
ZGZ,Goods-producing industries,Nitrous oxide,2017.12,55,Actual,Kilotonnes,Carbon dioxide equivalents
ZGZ,Goods-producing industries,Nitrous oxide,2018.03,54,Actual,Kilotonnes,Carbon dioxide equivalents
ZGZ,Goods-producing industries,Nitrous oxide,2019.12,59,Actual,Kilotonnes,Carbon dioxide equivalents
ZGZ,Goods-producing industries,Nitrous oxide,2021.03,62,Actual,Kilotonnes,Carbon dioxide equivalents
ZGZ,Goods-producing industries,Nitrous oxide,2021.06,62,Actual,Kilotonnes,Carbon dioxide equivalents
ZGZ,Goods-producing industries,Nitrous oxide,2021.12,59,Actual,Kilotonnes,Carbon dioxide equivalents
ZGZ,Goods-producing industries,Nitrous oxide,2022.06,58,Actual,Kilotonnes,Carbon dioxide equivalents
ZPZ,Primary industries,Methane,2010.09,6800,Actual,Kilotonnes,Carbon dioxide equivalents
ZPZ,Primary industries,Methane,2011.03,9153,Actual,Kilotonnes,Carbon dioxide equivalents
ZPZ,Primary industries,Carbon dioxide,2021.03,1004,Actual,Kilotonnes,Carbon dioxide equivalents
ZPZ,Primary industries,Carbon dioxide,2021.09,861,Actual,Kilotonnes,Carbon dioxide equivalents
ZPZ,Primary industries,Carbon dioxide equivalents,2011.03,12082,Actual,Kilotonnes,Carbon dioxide equivalents
ZPZ,Primary industries,Carbon dioxide equivalents,2011.06,9043,Actual,Kilotonnes,Carbon dioxide equivalents
ZPZ,Primary industries,Carbon dioxide equivalents,2019.09,9340,Actual,Kilotonnes,Carbon dioxide equivalents
ZPZ,Primary industries,Carbon dioxide equivalents,2019.12,11469,Actual,Kilotonnes,Carbon dioxide equivalents
ZPZ,Primary industries,Carbon dioxide equivalents,2020.09,9315,Actual,Kilotonnes,Carbon dioxide equivalents
ZPZ,Primary industries,Fluorinated gases,2012.06,1,Actual,Kilotonnes,Carbon dioxide equivalents
ZPZ,Primary industries,Fluorinated gases,2012.12,1,Actual,Kilotonnes,Carbon dioxide equivalents
ZPZ,Primary industries,Fluorinated gases,2015.06,1,Actual,Kilotonnes,Carbon dioxide equivalents
ZPZ,Primary industries,Fluorinated gases,2019.12,1,Actual,Kilotonnes,Carbon dioxide equivalents
ZPZ,Primary industries,Fluorinated gases,2020.03,1,Actual,Kilotonnes,Carbon dioxide equivalents
ZPZ,Primary industries,Fluorinated gases,2020.12,1,Actual,Kilotonnes,Carbon dioxide equivalents
ZPZ,Primary industries,Fluorinated gases,2021.03,1,Actual,Kilotonnes,Carbon dioxide equivalents
ZPZ,Primary industries,Fluorinated gases,2022.12,1,Actual,Kilotonnes,Carbon dioxide equivalents
ZPZ,Primary industries,Fluorinated gases,2023.03,1,Actual,Kilotonnes,Carbon dioxide equivalents
ZPZ,Primary industries,Fluorinated gases,2023.06,1,Actual,Kilotonnes,Carbon dioxide equivalents
ZPZ,Primary industries,Nitrous oxide,2010.03,1762,Actual,Kilotonnes,Carbon dioxide equivalents
ZPZ,Primary industries,Nitrous oxide,2010.06,1639,Actual,Kilotonnes,Carbon dioxide equivalents
ZPZ,Primary industries,Nitrous oxide,2010.09,1791,Actual,Kilotonnes,Carbon dioxide equivalents
ZPZ,Primary industries,Nitrous oxide,2013.03,1820,Actual,Kilotonnes,Carbon dioxide equivalents
ZPZ,Primary industries,Nitrous oxide,2013.06,1686,Actual,Kilotonnes,Carbon dioxide equivalents
ZPZ,Primary industries,Nitrous oxide,2013.09,1849,Actual,Kilotonnes,Carbon dioxide equivalents
ZPZ,Primary industries,Nitrous oxide,2013.12,1838,Actual,Kilotonnes,Carbon dioxide equivalents
ZPZ,Primary industries,Nitrous oxide,2019.09,1952,Actual,Kilotonnes,Carbon dioxide equivalents
ZPZ,Primary industries,Nitrous oxide,2019.12,1931,Actual,Kilotonnes,Carbon dioxide equivalents
ZPZ,Primary industries,Nitrous oxide,2020.06,1819,Actual,Kilotonnes,Carbon dioxide equivalents
ZPZ,Primary industries,Nitrous oxide,2021.12,1890,Actual,Kilotonnes,Carbon dioxide equivalents
ZPZ,Primary industries,Nitrous oxide,2022.03,1835,Actual,Kilotonnes,Carbon dioxide equivalents
ZPZ,Primary industries,Nitrous oxide,2022.06,1715,Actual,Kilotonnes,Carbon dioxide equivalents
ZSX,"Services excluding transport, postal, and warehousing",Carbon dioxide equivalents,2010.03,692,Actual,Kilotonnes,Carbon dioxide equivalents
ZSX,"Services excluding transport, postal, and warehousing",Carbon dioxide equivalents,2010.06,763,Actual,Kilotonnes,Carbon dioxide equivalents
ZSX,"Services excluding transport, postal, and warehousing",Carbon dioxide equivalents,2011.09,729,Actual,Kilotonnes,Carbon dioxide equivalents
ZSX,"Services excluding transport, postal, and warehousing",Carbon dioxide equivalents,2011.12,704,Actual,Kilotonnes,Carbon dioxide equivalents
ZSX,"Services excluding transport, postal, and warehousing",Carbon dioxide equivalents,2014.03,673,Actual,Kilotonnes,Carbon dioxide equivalents
ZSX,"Services excluding transport, postal, and warehousing",Carbon dioxide equivalents,2015.06,709,Actual,Kilotonnes,Carbon dioxide equivalents
ZSX,"Services excluding transport, postal, and warehousing",Carbon dioxide equivalents,2015.09,747,Actual,Kilotonnes,Carbon dioxide equivalents
ZSX,"Services excluding transport, postal, and warehousing",Carbon dioxide equivalents,2015.12,701,Actual,Kilotonnes,Carbon dioxide equivalents
ZSX,"Services excluding transport, postal, and warehousing",Carbon dioxide equivalents,2016.03,655,Actual,Kilotonnes,Carbon dioxide equivalents
ZSX,"Services excluding transport, postal, and warehousing",Carbon dioxide equivalents,2016.06,709,Actual,Kilotonnes,Carbon dioxide equivalents
ZSX,"Services excluding transport, postal, and warehousing",Carbon dioxide equivalents,2019.09,809,Actual,Kilotonnes,Carbon dioxide equivalents
ZSX,"Services excluding transport, postal, and warehousing",Carbon dioxide equivalents,2019.12,744,Actual,Kilotonnes,Carbon dioxide equivalents
ZSX,"Services excluding transport, postal, and warehousing",Carbon dioxide equivalents,2020.06,620,Actual,Kilotonnes,Carbon dioxide equivalents
ZSX,"Services excluding transport, postal, and warehousing",Carbon dioxide equivalents,2020.09,729,Actual,Kilotonnes,Carbon dioxide equivalents
ZSX,"Services excluding transport, postal, and warehousing",Carbon dioxide equivalents,2021.09,690,Actual,Kilotonnes,Carbon dioxide equivalents
ZSX,"Services excluding transport, postal, and warehousing",Carbon dioxide equivalents,2021.12,661,Actual,Kilotonnes,Carbon dioxide equivalents
ZSX,"Services excluding transport, postal, and warehousing",Carbon dioxide equivalents,2022.06,719,Actual,Kilotonnes,Carbon dioxide equivalents
ZSZ,Service industries,Methane,2010.06,3,Actual,Kilotonnes,Carbon dioxide equivalents
ZSZ,Service industries,Methane,2011.12,3,Actual,Kilotonnes,Carbon dioxide equivalents
ZSZ,Service industries,Methane,2014.09,3,Actual,Kilotonnes,Carbon dioxide equivalents
ZSZ,Service industries,Methane,2014.12,3,Actual,Kilotonnes,Carbon dioxide equivalents
ZSZ,Service industries,Methane,2015.03,3,Actual,Kilotonnes,Carbon dioxide equivalents
ZSZ,Service industries,Methane,2015.12,3,Actual,Kilotonnes,Carbon dioxide equivalents
ZSZ,Service industries,Methane,2016.03,3,Actual,Kilotonnes,Carbon dioxide equivalents
ZSZ,Service industries,Carbon dioxide,2021.09,1523,Actual,Kilotonnes,Carbon dioxide equivalents
ZSZ,Service industries,Carbon dioxide,2022.09,1866,Actual,Kilotonnes,Carbon dioxide equivalents
ZSZ,Service industries,Carbon dioxide equivalents,2016.06,2228,Actual,Kilotonnes,Carbon dioxide equivalents
ZSZ,Service industries,Carbon dioxide equivalents,2016.09,2396,Actual,Kilotonnes,Carbon dioxide equivalents
ZSZ,Service industries,Carbon dioxide equivalents,2018.09,2426,Actual,Kilotonnes,Carbon dioxide equivalents
ZSZ,Service industries,Carbon dioxide equivalents,2020.03,2404,Actual,Kilotonnes,Carbon dioxide equivalents
ZSZ,Service industries,Carbon dioxide equivalents,2020.06,1496,Actual,Kilotonnes,Carbon dioxide equivalents
ZSZ,Service industries,Carbon dioxide equivalents,2020.09,1742,Actual,Kilotonnes,Carbon dioxide equivalents
ZSZ,Service industries,Carbon dioxide equivalents,2021.03,1756,Actual,Kilotonnes,Carbon dioxide equivalents
ZSZ,Service industries,Fluorinated gases,2010.12,186,Actual,Kilotonnes,Carbon dioxide equivalents
ZSZ,Service industries,Fluorinated gases,2011.03,188,Actual,Kilotonnes,Carbon dioxide equivalents
ZSZ,Service industries,Fluorinated gases,2011.06,189,Actual,Kilotonnes,Carbon dioxide equivalents
ZSZ,Service industries,Fluorinated gases,2012.12,192,Actual,Kilotonnes,Carbon dioxide equivalents
ZSZ,Service industries,Fluorinated gases,2013.03,188,Actual,Kilotonnes,Carbon dioxide equivalents
ZSZ,Service industries,Fluorinated gases,2013.06,185,Actual,Kilotonnes,Carbon dioxide equivalents
ZSZ,Service industries,Fluorinated gases,2018.06,161,Actual,Kilotonnes,Carbon dioxide equivalents
ZSZ,Service industries,Nitrous oxide,2013.03,34,Actual,Kilotonnes,Carbon dioxide equivalents
ZSZ,Service industries,Nitrous oxide,2013.06,34,Actual,Kilotonnes,Carbon dioxide equivalents
ZSZ,Service industries,Nitrous oxide,2022.06,40,Actual,Kilotonnes,Carbon dioxide equivalents
ZSZ,Service industries,Nitrous oxide,2022.12,43,Actual,Kilotonnes,Carbon dioxide equivalents
ZSZ,Service industries,Nitrous oxide,2023.03,43,Actual,Kilotonnes,Carbon dioxide equivalents
ZSZ,Service industries,Nitrous oxide,2023.06,44,Actual,Kilotonnes,Carbon dioxide equivalents
ZSZ,Service industries,Nitrous oxide,2023.09,45,Actual,Kilotonnes,Carbon dioxide equivalents
ZZ9,Total industry,Methane,2010.03,9835,Actual,Kilotonnes,Carbon dioxide equivalents
ZZ9,Total industry,Methane,2011.09,7556,Actual,Kilotonnes,Carbon dioxide equivalents
ZZ9,Total industry,Methane,2011.12,9328,Actual,Kilotonnes,Carbon dioxide equivalents
ZZ9,Total industry,Methane,2012.03,10013,Actual,Kilotonnes,Carbon dioxide equivalents
ZZ9,Total industry,Methane,2012.06,7141,Actual,Kilotonnes,Carbon dioxide equivalents
ZZ9,Total industry,Methane,2012.09,7567,Actual,Kilotonnes,Carbon dioxide equivalents
ZZ9,Total industry,Methane,2015.03,9930,Actual,Kilotonnes,Carbon dioxide equivalents
ZZ9,Total industry,Methane,2015.06,7035,Actual,Kilotonnes,Carbon dioxide equivalents
ZZ9,Total industry,Methane,2015.09,7479,Actual,Kilotonnes,Carbon dioxide equivalents
ZZ9,Total industry,Methane,2015.12,9442,Actual,Kilotonnes,Carbon dioxide equivalents
ZZ9,Total industry,Methane,2016.03,9783,Actual,Kilotonnes,Carbon dioxide equivalents
ZZ9,Total industry,Methane,2016.06,6935,Actual,Kilotonnes,Carbon dioxide equivalents
ZZ9,Total industry,Methane,2016.09,7375,Actual,Kilotonnes,Carbon dioxide equivalents
ZZ9,Total industry,Methane,2022.12,8926,Actual,Kilotonnes,Carbon dioxide equivalents
ZZ9,Total industry,Methane,2023.03,9515,Actual,Kilotonnes,Carbon dioxide equivalents
ZZ9,Total industry,Carbon dioxide,2013.03,7343,Actual,Kilotonnes,Carbon dioxide equivalents
ZZ9,Total industry,Carbon dioxide,2013.06,7878,Actual,Kilotonnes,Carbon dioxide equivalents
ZZ9,Total industry,Carbon dioxide,2019.06,7293,Actual,Kilotonnes,Carbon dioxide equivalents
ZZ9,Total industry,Carbon dioxide,2022.12,5968,Actual,Kilotonnes,Carbon dioxide equivalents
ZZ9,Total industry,Carbon dioxide,2023.03,6299,Actual,Kilotonnes,Carbon dioxide equivalents
ZZ9,Total industry,Carbon dioxide,2023.06,6008,Actual,Kilotonnes,Carbon dioxide equivalents
ZZ9,Total industry,Carbon dioxide,2023.09,6712,Actual,Kilotonnes,Carbon dioxide equivalents
ZZ9,Total industry,Carbon dioxide equivalents,2013.12,18941,Actual,Kilotonnes,Carbon dioxide equivalents
ZZ9,Total industry,Carbon dioxide equivalents,2019.09,17230,Actual,Kilotonnes,Carbon dioxide equivalents
ZZ9,Total industry,Carbon dioxide equivalents,2020.06,15119,Actual,Kilotonnes,Carbon dioxide equivalents
ZZ9,Total industry,Fluorinated gases,2023.03,362,Actual,Kilotonnes,Carbon dioxide equivalents
ZZ9,Total industry,Fluorinated gases,2023.06,363,Actual,Kilotonnes,Carbon dioxide equivalents
ZZ9,Total industry,Fluorinated gases,2023.09,365,Actual,Kilotonnes,Carbon dioxide equivalents
ZZ9,Total industry,Nitrous oxide,2010.03,1842,Actual,Kilotonnes,Carbon dioxide equivalents
ZZ9,Total industry,Nitrous oxide,2014.12,1986,Actual,Kilotonnes,Carbon dioxide equivalents
ZZ9,Total industry,Nitrous oxide,2015.03,1965,Actual,Kilotonnes,Carbon dioxide equivalents
ZZ9,Total industry,Nitrous oxide,2015.06,1821,Actual,Kilotonnes,Carbon dioxide equivalents
ZZ9,Total industry,Nitrous oxide,2015.09,1977,Actual,Kilotonnes,Carbon dioxide equivalents
ZZ9,Total industry,Nitrous oxide,2021.12,1988,Actual,Kilotonnes,Carbon dioxide equivalents
ZZ9,Total industry,Nitrous oxide,2022.09,2013,Actual,Kilotonnes,Carbon dioxide equivalents
ZZ9,Total industry,Nitrous oxide,2022.12,1956,Actual,Kilotonnes,Carbon dioxide equivalents
ZZ9,Total industry,Nitrous oxide,2023.03,1893,Actual,Kilotonnes,Carbon dioxide equivalents
ZZ9,Total industry,Nitrous oxide,2023.06,1777,Actual,Kilotonnes,Carbon dioxide equivalents
ZZ9,Total industry,Nitrous oxide,2023.09,1975,Actual,Kilotonnes,Carbon dioxide equivalents
ZZZ,Total,Methane,2010.03,9869,Actual,Kilotonnes,Carbon dioxide equivalents
ZZZ,Total,Methane,2013.09,7591,Actual,Kilotonnes,Carbon dioxide equivalents
ZZZ,Total,Methane,2013.12,9509,Actual,Kilotonnes,Carbon dioxide equivalents
ZZZ,Total,Methane,2014.03,10115,Actual,Kilotonnes,Carbon dioxide equivalents
ZZZ,Total,Methane,2014.06,7178,Actual,Kilotonnes,Carbon dioxide equivalents
ZZZ,Total,Methane,2015.03,9964,Actual,Kilotonnes,Carbon dioxide equivalents
ZZZ,Total,Methane,2022.03,9696,Actual,Kilotonnes,Carbon dioxide equivalents
ZZZ,Total,Fluorinated gases,2020.06,379,Actual,Kilotonnes,Carbon dioxide equivalents
ZZZ,Total,Fluorinated gases,2020.09,390,Actual,Kilotonnes,Carbon dioxide equivalents
ZZZ,Total,Nitrous oxide,2023.06,1798,Actual,Kilotonnes,Carbon dioxide equivalents
ZZZ,Total,Nitrous oxide,2023.09,1995,Actual,Kilotonnes,Carbon dioxide equivalents
